"Id","SalePrice"
1461,128798.945499232
1462,152630.199731183
1463,179873.415178621
1464,191076.717733664
1465,193192.162204301
1466,184832.307526882
1467,172109.343709677
1468,176695.544969278
1469,178508.496182796
1470,132077.767634409
1471,193673.43327957
1472,96893.6923579109
1473,103158.14530722
1474,153903.262956989
1475,129878.710168971
1476,366915.818225807
1477,260865.806388633
1478,312448.758494624
1479,298742.525770609
1480,460606.838064516
1481,310730.996596597
1482,210846.611490015
1483,185545.383251641
1484,176447.625003811
1485,180233.06906298
1486,199391.088860727
1487,315497.935483871
1488,235175.829395801
1489,208648.973651848
1490,225511.525053763
1491,193083.514674859
1492,107430.197580645
1493,177798.113978495
1494,300490.888778802
1495,287908.142319509
1496,237979.593010753
1497,182445.947241522
1498,158703.937136555
1499,156820.326615463
1500,165443.999605735
1501,176473.205913978
1502,167033.29752314
1503,274031.820913979
1504,230918.727096774
1505,222194.581018676
1506,177042.9196851
1507,242236.04188172
1508,197830.916397849
1509,162286.136774194
1510,149473.689247312
1511,151960.056344086
1512,166665.986129032
1513,148540.144946237
1514,155152.825806452
1515,188926.591935484
1516,154689.304086022
1517,153635.691689708
1518,137745.83405914
1519,219189.522531017
1520,136622.130537634
1521,143089.262634409
1522,161021.897849462
1523,119805.322688172
1524,123657.672365591
1525,126366.54578853
1526,130329.312473118
1527,114256.243655914
1528,127800.472258065
1529,145160.030107527
1530,167416.931182796
1531,140110.710483871
1532,105719.029641577
1533,140250.00188172
1534,115566.625322581
1535,150510.277096774
1536,117913.551308244
1537,100696.614139785
1538,154173.006328725
1539,189967.596344086
1540,124467.935268817
1541,137642.316858679
1542,138526.324070661
1543,179071.591451613
1544,95620.9135483871
1545,107417.037419355
1546,126580.920913978
1547,140109.999892473
1548,128407.216666667
1549,118605.502956989
1550,142576.756129032
1551,118328.587549923
1552,147123.591612903
1553,139132.383010753
1554,117170.372526882
1555,175710.377455197
1556,121129.09327957
1557,119408.297150538
1558,106094.622043011
1559,118189.844408602
1560,147413.972688172
1561,143859.944623656
1562,129083.445860215
1563,126163.0246851
1564,161405.134815668
1565,160014.921267281
1566,221616.749247312
1567,100261.989749104
1568,223259.387741935
1569,153802.877419355
1570,141951.354193548
1571,130105.050107527
1572,143002.712634409
1573,233597.008835125
1574,127254.262096774
1575,221367.484247312
1576,232550.373655914
1577,201677.851101925
1578,146118.026021505
1579,146432.994393241
1580,188243.370545315
1581,148695.459500768
1582,129701.183479263
1583,311510.715853698
1584,238022.170501792
1585,141643.126956198
1586,89184.1261827957
1587,109576.240015361
1588,143323.846827957
1589,105867.194892473
1590,132751.962248289
1591,104580.394103943
1592,136521.616612903
1593,123830.850537634
1594,141237.937419355
1595,128517.780537634
1596,218667.023602151
1597,179848.379408602
1598,194654.383106846
1599,182212.377373272
1600,181995.740698925
1601,80762.2759677419
1602,115158.00655914
1603,97796.0353763441
1604,277442.058817204
1605,243477.825582321
1606,167189.100376344
1607,168136.657150538
1608,218429.791213784
1609,200747.555706379
1610,173411.80188172
1611,151094.208637993
1612,184271.715430108
1613,175612.290107527
1614,124102.171397849
1615,94255.1939784946
1616,88169.5157526882
1617,91197.6767741935
1618,127315.415806452
1619,137848.657258065
1620,175869.398548387
1621,144309.281774194
1622,145138.597043011
1623,256530.435483871
1624,214884.660537634
1625,128116.808494624
1626,166986.813525346
1627,184981.002291347
1628,263451.964784946
1629,178884.371750561
1630,337977.235053764
1631,205574.419193548
1632,241697.087987711
1633,177392.162634409
1634,186364.462777187
1635,181490.240821813
1636,168387.775
1637,190374.822580645
1638,199850.953870968
1639,182647.254032258
1640,237259.452741935
1641,181185.821236559
1642,228266.134116744
1643,225087.182741936
1644,227697.60672043
1645,188940.543928867
1646,160953.618602151
1647,161509.921236559
1648,137275.59827957
1649,137329.997795699
1650,125778.267419355
1651,122935.16
1652,95643.8334869432
1653,97911.6705837174
1654,154194.50344086
1655,147968.020268817
1656,148329.516290323
1657,153088.463924731
1658,152708.153064516
1659,135444.924869432
1660,159069.575821813
1661,430819.386728701
1662,350779.237999232
1663,363580.523360215
1664,429807.273064516
1665,315854.375023041
1666,339112.926774194
1667,352292.457534562
1668,329460.284408602
1669,292109.837688172
1670,345066.963870968
1671,265894.039466501
1672,440599.751182796
1673,311969.04172043
1674,256939.23493702
1675,196644.893494624
1676,200426.282580645
1677,217481.545634133
1678,446636.090645161
1679,378528.910215054
1680,320300.474139785
1681,264914.746582181
1682,320504.192096774
1683,192875.20594086
1684,175630.787400154
1685,175379.238605991
1686,172921.683868604
1687,173535.512430876
1688,191983.86688172
1689,193577.923868408
1690,187288.854011174
1691,181764.77390169
1692,255706.639408602
1693,177478.537476958
1694,183029.982258064
1695,172821.401397849
1696,261237.120645161
1697,174771.698709677
1698,337038.665599669
1699,320183.110483871
1700,253463.856612903
1701,263593.686413211
1702,254769.709345622
1703,256600.364130568
1704,291062.649331797
1705,236640.172043011
1706,388410.219408602
1707,225730.817849462
1708,217660.562292627
1709,260926.890006144
1710,225415.742419355
1711,272738.290620723
1712,256715.302872504
1713,273013.135614439
1714,218642.593617242
1715,204379.922099896
1716,183256.120579877
1717,167582.017960604
1718,138159.582419355
1719,206031.082355351
1720,238901.485268817
1721,165668.317918587
1722,134997.113333333
1723,161864.722596006
1724,213513.251451613
1725,227227.63235732
1726,193863.112939068
1727,176637.644569893
1728,185579.474041219
1729,166375.75844086
1730,162656.875322581
1731,124765.62046595
1732,132188.120353303
1733,123532.490215054
1734,129989.996129032
1735,137399.852903226
1736,124635.455268817
1737,310305.463064516
1738,223861.569029096
1739,266791.428978495
1740,231564.676989247
1741,199332.781488509
1742,173226.647204301
1743,174969.199139785
1744,281156.76327957
1745,215555.738225806
1746,214928.598172043
1747,208894.955268817
1748,215513.583351254
1749,164515.182043011
1750,148532.912150538
1751,214004.56
1752,123204.517526882
1753,147859.967526882
1754,191756.687096774
1755,172098.765376344
1756,125010.616397849
1757,120509.511142299
1758,156884.704623656
1759,163501.00688172
1760,163333.121505376
1761,152090.370645161
1762,177828.405107527
1763,168478.10172043
1764,122482.965842294
1765,166486.981397849
1766,169349.719892473
1767,198284.503978495
1768,142783.908064516
1769,164634.231236559
1770,146567.17516129
1771,137636.376505376
1772,143685.004892473
1773,144877.468064516
1774,143777.563037634
1775,132973.296774194
1776,123964.974892473
1777,119291.633548387
1778,135166.00844086
1779,125203.910376344
1780,167678.077473118
1781,132603.004032258
1782,103550.277043011
1783,135744.49078341
1784,109512.104892473
1785,121972.446182796
1786,163023.662473118
1787,162103.097795699
1788,87522.2884408602
1789,109911.477365591
1790,95289.5234946236
1791,180948.618870968
1792,150799.92827957
1793,143450.672311828
1794,144526.138817204
1795,137593.865860215
1796,140695.94257087
1797,123067.63188172
1798,128807.295635386
1799,118130.970483871
1800,137060.026718335
1801,128309.430483871
1802,135894.908225807
1803,152803.687258064
1804,146521.587327189
1805,136429.237580645
1806,119343.845860215
1807,135235.30483871
1808,129225.981966206
1809,127125.654408602
1810,144546.41311828
1811,110896.513479263
1812,108489.528763441
1813,119528.728709677
1814,100446.917096774
1815,76180.6472222222
1816,109400.25655914
1817,134042.64875576
1818,148575.76516129
1819,133319.640537634
1820,92500.6234408602
1821,114825.975215054
1822,147529.835460829
1823,75348.1894623656
1824,137430.863387097
1825,142886.169784946
1826,115959.464301075
1827,109333.008655914
1828,132898.290898618
1829,117598.499247312
1830,131182.550537634
1831,140668.151505376
1832,119834.272741935
1833,144347.989301075
1834,132531.390430107
1835,143882.691743472
1836,124166.537311828
1837,107649.95016129
1838,130501.758494624
1839,102511.112173579
1840,160385.916451613
1841,142655.738655914
1842,103715.603786482
1843,145648.509408602
1844,143612.9603149
1845,150668.914623656
1846,155366.862365591
1847,180494.451021505
1848,77844.7765053764
1849,120905.428763441
1850,124147.510471464
1851,150234.772365591
1852,127259.820483871
1853,143316.952467998
1854,167465.314477727
1855,167270.031021505
1856,221686.192225952
1857,177785.507726574
1858,141015.77453405
1859,123890.823225806
1860,159453.228817204
1861,123421.233709677
1862,270247.533924731
1863,264195.34844086
1864,264195.34844086
1865,327309.50327957
1866,321749.074569892
1867,237754.431797235
1868,290904.19016129
1869,198856.205766776
1870,231361.768358935
1871,254155.201182796
1872,174548.457077573
1873,228875.262572374
1874,143344.360376344
1875,198357.155806452
1876,196306.626705069
1877,214026.164249872
1878,214865.960401158
1879,133284.142396313
1880,135785.374961598
1881,246623.872877355
1882,246846.866305684
1883,199208.932534562
1884,214447.737980031
1885,238943.641989247
1886,286850.186182796
1887,207220.982311828
1888,276913.650238095
1889,173155.321793395
1890,137731.788387097
1891,144216.3340553
1892,112510.269462366
1893,133089.901129032
1894,129725.166182796
1895,144858.387473118
1896,126198.689677419
1897,137170.254155146
1898,123946.791290323
1899,157693.387043011
1900,148963.976236559
1901,171995.509086022
1902,152654.297580645
1903,208812.45827957
1904,150125.620698925
1905,186711.919892473
1906,164303.344946237
1907,198560.606505376
1908,128325.169101382
1909,143402.633348694
1910,131884.141198157
1911,195751.932526882
1912,275778.158387097
1913,154911.33811828
1914,79729.3483333333
1915,319667.357419355
1916,84771.4365053763
1917,244801.565913978
1918,139794.580591398
1919,162753.959462366
1920,170330.814946237
1921,383791.182849462
1922,314873.842437276
1923,204961.397741936
1924,221661.444148056
1925,219288.178410138
1926,361371.613682796
1927,140751.464247312
1928,160367.36655914
1929,127900.154462366
1930,143203.612580645
1931,148679.518763441
1932,143429.035107527
1933,181498.808870968
1934,180434.383174012
1935,178744.216290323
1936,185999.993243728
1937,184745.774797156
1938,181749.845084485
1939,247711.160698925
1940,193209.673763441
1941,180376.061679468
1942,190150.047224782
1943,198471.2694216
1944,328449.044792627
1945,359368.427634409
1946,173054.387634409
1947,302840.880967742
1948,173204.085591398
1949,235889.930268817
1950,175642.668709677
1951,239605.936075269
1952,218638.474623656
1953,176117.796336406
1954,191275.739175627
1955,141581.847849462
1956,265245.433986766
1957,165820.124462366
1958,289799.342150538
1959,143263.225107527
1960,121736.890573477
1961,123850.063732719
1962,99273.0620353302
1963,103505.754239631
1964,112439.295376344
1965,149610.346774194
1966,145554.177795699
1967,293471.581305684
1968,406108.923064516
1969,379045.057150538
1970,411524.755806452
1971,387191.377345701
1972,345174.004693371
1973,277822.707419355
1974,323109.694208909
1975,434951.123509985
1976,280003.753233487
1977,352017.360402536
1978,356380.452596597
1979,329340.834331797
1980,204525.036175115
1981,332110.957168459
1982,233393.340913979
1983,225470.146505376
1984,169409.882702351
1985,216096.95827957
1986,216348.111126203
1987,179353.804769585
1988,180994.366332565
1989,190257.011935484
1990,218968.503195085
1991,221192.426612903
1992,211272.781658395
1993,175075.247837942
1994,226044.077078853
1995,181477.07485151
1996,256488.10244086
1997,305222.757051282
1998,331324.339032258
1999,258557.656267281
2000,294796.158569892
2001,279481.928778802
2002,246840.223552523
2003,259295.010645161
2004,273136.117580645
2005,229061.115504549
2006,220036.384585254
2007,250795.482102919
2008,215992.72453405
2009,197710.101647349
2010,192542.530611879
2011,143991.830875576
2012,183767.71301007
2013,185566.749358974
2014,191342.587903226
2015,198818.146958525
2016,198179.691578225
2017,198630.157360471
2018,134617.640175953
2019,136706.302204301
2020,123215.008602151
2021,117501.823740399
2022,178103.632741935
2023,151063.213817204
2024,252178.948993856
2025,327634.442473118
2026,182277.831203474
2027,158276.047583205
2028,158177.359270353
2029,174618.71562212
2030,259914.576236559
2031,223844.889892473
2032,237091.288207885
2033,245355.637258065
2034,170051.937465438
2035,208000.03808933
2036,180398.548799283
2037,184441.028387097
2038,273181.04796467
2039,212458.445430108
2040,297885.588225807
2041,252486.791935484
2042,201125.828461538
2043,168397.985322581
2044,177640.054032258
2045,207988.004354839
2046,147372.91594086
2047,149090.654869432
2048,135752.334301075
2049,138647.996317204
2050,170229.94188172
2051,112781.726344086
2052,139258.418763441
2053,141506.319354839
2054,98374.1310752688
2055,157062.402365591
2056,146105.215860215
2057,126153.986412512
2058,215755.363655914
2059,144203.058333333
2060,158373.622580645
2061,163711.08234767
2062,137456.842795699
2063,119311.499754224
2064,140489.921182796
2065,121676.898225806
2066,172812.873853047
2067,145747.671021505
2068,141831.980725806
2069,91902.3890860215
2070,109168.929247312
2071,108259.374193548
2072,143232.408387097
2073,145886.881712159
2074,170077.894892473
2075,143274.312043011
2076,123491.625
2077,148779.765053763
2078,132062.654398827
2079,134061.752450077
2080,117103.660645161
2081,127969.120860215
2082,137968.218817204
2083,138156.564301075
2084,112211.410829493
2085,133085.372741935
2086,129255.367872504
2087,122955.138602151
2088,115975.401505376
2089,94288.7117741936
2090,133938.207204301
2091,117847.269892473
2092,127289.051236559
2093,136065.844354839
2094,126134.523172043
2095,144964.809569892
2096,93623.794516129
2097,103000.305967742
2098,140257.278064516
2099,79447.7961290322
2100,113844.625092166
2101,127120.58516129
2102,132569.488333333
2103,110621.879677419
2104,132117.195663083
2105,126037.556935484
2106,89193.0672580645
2107,193702.98311828
2108,115768.189462366
2109,114546.753494624
2110,132849.480752688
2111,143700.869543011
2112,141290.841236559
2113,123205.391827957
2114,115646.212580645
2115,151303.87
2116,120929.548010753
2117,145572.986966206
2118,127654.782849462
2119,111056.765340502
2120,126997.318064516
2121,107293.188494624
2122,110099.222634409
2123,102185.585107527
2124,164906.409408602
2125,131060.240483871
2126,153952.283064516
2127,142486.512634409
2128,131728.987275986
2129,106338.582096774
2130,138351.333655914
2131,157593.129193548
2132,115587.358010753
2133,119249.819086021
2134,128874.074408602
2135,106837.426397849
2136,103153.944285714
2137,125412.614623656
2138,140256.010983103
2139,152497.225483871
2140,136593.85188172
2141,144526.037956989
2142,134306.797460711
2143,143104.867526882
2144,129526.357311828
2145,136272.584677419
2146,156239.93718638
2147,180415.013709677
2148,136315.487258065
2149,146577.732688172
2150,207609.414408602
2151,120949.892903226
2152,162338.391397849
2153,158936.798817204
2154,114508.867365591
2155,131539.800913978
2156,249247.499301075
2157,236815.521883493
2158,229977.145860215
2159,201178.243725038
2160,174717.436910375
2161,248869.771223758
2162,360737.750107527
2163,336783.187311828
2164,245988.492580645
2165,189324.550752688
2166,146046.789946237
2167,210727.293602151
2168,205506.051728111
2169,199137.702979046
2170,219792.805326508
2171,148900.021159754
2172,140922.429032258
2173,162672.471505376
2174,229839.039176907
2175,279356.662204301
2176,309218.266612903
2177,245672.495552995
2178,218159.126095947
2179,145750.92557883
2180,221325.40483871
2181,198978.891997948
2182,233428.183714798
2183,198935.111627808
2184,132782.632580645
2185,136694.560483871
2186,140720.863709677
2187,152135.33172043
2188,156457.862258065
2189,228357.574462366
2190,91142.5541781874
2191,95039.5148771121
2192,100412.498463902
2193,106398.931827957
2194,107660.133010753
2195,118913.858341014
2196,117016.619892473
2197,118867.975430108
2198,152305.903978495
2199,166940.262043011
2200,146037.79483871
2201,145889.245860215
2202,186604.145268817
2203,164365.025806452
2204,182581.81344086
2205,125913.908763441
2206,142725.453996416
2207,205244.946666667
2208,222263.12516129
2209,204074.717956989
2210,132848.93109063
2211,114321.647043011
2212,111045.266397849
2213,105369.649139785
2214,142508.623064516
2215,106380.848387097
2216,151135.807258065
2217,93519.5304301075
2218,98089.2613978494
2219,90709.3258986175
2220,93774.7122734255
2221,321186.006774194
2222,265723.6072622
2223,280374.128176179
2224,214155.380186104
2225,143550.116612903
2226,193934.886344086
2227,201559.783709677
2228,272669.096021505
2229,239433.827816377
2230,171516.704139785
2231,221389.796774193
2232,189437.417043011
2233,190346.461182796
2234,241283.978655914
2235,232336.689103943
2236,266764.673548387
2237,341077.966158358
2238,205254.13516129
2239,120588.688387097
2240,160533.259423963
2241,152440.964623656
2242,134054.494946237
2243,132366.294086021
2244,102306.786935484
2245,103156.731397849
2246,144474.559462366
2247,110844.751989247
2248,125494.446159754
2249,130585.91688172
2250,136632.3468766
2251,134299.437419355
2252,171732.503835125
2253,169556.33688172
2254,177422.882258065
2255,186566.520678443
2256,181976.049824924
2257,207860.834703021
2258,173239.332411674
2259,180832.465253456
2260,165633.983369176
2261,188154.699754224
2262,208743.253663594
2263,340954.658410138
2264,406390.195483871
2265,170372.484139785
2266,276212.698172043
2267,357131.604892473
2268,352525.987741935
2269,161501.225483871
2270,183356.438709677
2271,220239.939247312
2272,204126.159247312
2273,167802.748241167
2274,176388.120967742
2275,171735.716344086
2276,182506.11983871
2277,189058.160430108
2278,145381.611989247
2279,133716.20172043
2280,119467.232043011
2281,179946.520591398
2282,191194.454124424
2283,101336.428993856
2284,117918.477910906
2285,144091.444193548
2286,128439.222580645
2287,343021.23641321
2288,279720.142795699
2289,357351.167365591
2290,401545.095322581
2291,326368.913817204
2292,389265.734677419
2293,436454.82688172
2294,373568.349739454
2295,420234.560430108
2296,270089.79280397
2297,316872.679953917
2298,334181.32344086
2299,369414.644284769
2300,323865.647956989
2301,300487.428179724
2302,245566.271680773
2303,245533.294299539
2304,248564.642655914
2305,192536.157726575
2306,195736.826382489
2307,196986.47735023
2308,222237.640860215
2309,276024.098548387
2310,230095.914301075
2311,202254.904109063
2312,179293.932354071
2313,177721.861616743
2314,179252.620199693
2315,176157.550288018
2316,197429.411048387
2317,185149.565084485
2318,178529.955941156
2319,176805.660096302
2320,182180.791131599
2321,237420.279723502
2322,171917.209319229
2323,182009.396357084
2324,177639.66000384
2325,216060.582789791
2326,174024.222384793
2327,210434.331797235
2328,218972.59828725
2329,183904.798040884
2330,179070.630145929
2331,337783.151152665
2332,345641.7693702
2333,310987.737956989
2334,266150.8346851
2335,269582.681789555
2336,313439.47125448
2337,207555.947618
2338,269928.690053764
2339,232646.255827957
2340,364461.675340502
2341,225819.227229115
2342,229095.373489503
2343,222886.095807758
2344,230716.681121352
2345,234160.793387097
2346,214269.933379416
2347,207627.215336894
2348,227971.793179723
2349,185809.646670802
2350,284579.690115207
2351,266508.239860215
2352,251665.217264209
2353,266900.336989247
2354,133115.18516129
2355,149232.707365591
2356,157046.901966206
2357,202614.515376344
2358,200005.898691756
2359,131628.26655914
2360,124781.59601173
2361,138921.523064516
2362,251559.856344086
2363,138750.575268817
2364,156554.208978495
2365,212049.19827957
2366,193132.200873213
2367,221210.491956162
2368,208167.376436252
2369,220087.133924731
2370,175474.399600614
2371,172863.379293395
2372,193154.164612135
2373,254801.59188172
2374,281514.375053763
2375,246185.193709677
2376,268350.37172043
2377,312159.164731183
2378,152568.670752688
2379,190500.899193548
2380,150788.694316436
2381,163846.294086022
2382,196017.010752688
2383,206434.240347395
2384,234370.521129032
2385,160954.973476702
2386,148429.956776449
2387,138881.28757087
2388,108917.048924731
2389,136857.612622002
2390,149658.526021505
2391,141259.355860215
2392,120392.481603128
2393,161233.942096774
2394,149013.445107527
2395,190769.299731183
2396,150600.151612903
2397,194671.53688172
2398,131145.917419355
2399,82522.7578494624
2400,78903.7815437788
2401,115992.098494624
2402,136865.800591398
2403,134155.169032258
2404,160380.294408602
2405,165237.958960574
2406,137109.340053763
2407,128844.884083927
2408,141795.809139785
2409,141677.307365591
2410,162751.886469534
2411,125659.413431085
2412,156303.707365591
2413,137136.867634409
2414,138015.307634409
2415,133755.022177419
2416,125283.202150538
2417,129736.374315738
2418,130126.030806452
2419,129274.215215054
2420,129951.452580645
2421,149171.617688172
2422,112999.391075269
2423,125661.105268817
2424,150201.779462366
2425,212553.669408602
2426,130560.828870968
2427,134672.246666667
2428,164463.675
2429,120915.754301075
2430,131301.78647768
2431,133897.427150538
2432,137363.565483871
2433,145587.615537634
2434,144698.420430108
2435,151242.525215054
2436,115671.293602151
2437,114866.425537634
2438,128018.465
2439,119486.378870968
2440,122719.045729647
2441,109119.050107527
2442,109480.851474654
2443,122616.287150538
2444,137415.560645161
2445,97224.419139785
2446,130980.049301075
2447,180645.770215054
2448,148935.327311828
2449,113289.459815668
2450,144695.109731183
2451,134950.345752688
2452,186968.551935484
2453,100877.430483871
2454,139416.630860215
2455,116821.112956989
2456,128670.324301075
2457,122749.939193548
2458,126849.292580645
2459,113922.717258065
2460,134895.970806452
2461,119028.344139785
2462,133474.89844086
2463,122271.580015361
2464,151360.982741935
2465,138477.209654378
2466,121140.523709677
2467,150394.501827957
2468,100091.801344086
2469,97810.0556451613
2470,182697.663225806
2471,178347.240752688
2472,165041.989032258
2473,121208.480806452
2474,107115.322903226
2475,194363.241935484
2476,120034.70844086
2477,131614.491344086
2478,156171.356013825
2479,124888.667795699
2480,150370.653348694
2481,132694.895109783
2482,135507.355268817
2483,121377.224784946
2484,123682.485842294
2485,129508.936129032
2486,155677.230645161
2487,204541.862473118
2488,150994.586612903
2489,157806.538817204
2490,153620.591935484
2491,100269.281505376
2492,189362.047150538
2493,158675.912849462
2494,159796.303225806
2495,108098.210430108
2496,222495.032258065
2497,142125.318870968
2498,121973.317764977
2499,105833.872311828
2500,135530.452511521
2501,130007.063870968
2502,139525.176344086
2503,105612.922688172
2504,182945.617365591
2505,215370.004602572
2506,256284.958410138
2507,290934.767365591
2508,255522.76937788
2509,223481.904928046
2510,227287.292114695
2511,187023.598785435
2512,213289.98547363
2513,217205.12563689
2514,230969.34
2515,149877.513387097
2516,179148.850633936
2517,137066.742473118
2518,147893.773548387
2519,225619.980380074
2520,207555.89234767
2521,195030.730535074
2522,219585.756215475
2523,131382.405376344
2524,145577.728870968
2525,148674.005483871
2526,142051.775053763
2527,125898.096487455
2528,131329.914193548
2529,138599.306182796
2530,133654.442204301
2531,246297.310347395
2532,226056.85811828
2533,200129.043358935
2534,227473.336943164
2535,275906.152573556
2536,230451.54473511
2537,216695.505967742
2538,185289.097143153
2539,186760.321247623
2540,183564.30473759
2541,179915.652645929
2542,174625.987534858
2543,135696.850591398
2544,125156.667849462
2545,138400.825698925
2546,142803.30516129
2547,136645.139086021
2548,151686.695913978
2549,165834.51155914
2550,361888.350806452
2551,148437.306136713
2552,121376.018385002
2553,93425.6963824885
2554,118939.102688172
2555,117574.092086999
2556,113265.097634409
2557,121605.120752688
2558,159854.899462366
2559,142424.906236559
2560,149371.382096774
2561,142791.201397849
2562,144078.647150538
2563,156004.463333333
2564,178981.45827957
2565,148479.217956989
2566,173988.300430108
2567,141767.096182796
2568,191809.415967742
2569,194778.500107527
2570,132699.31641321
2571,200139.093706848
2572,156011.280606759
2573,210638.935322581
2574,268501.894032258
2575,130203.795107527
2576,128882.013817204
2577,149369.926290323
2578,99297.3028673835
2579,88575.5966129032
2580,135525.548548387
2581,130530.356021505
2582,119400.037526882
2583,276295.539892473
2584,166596.318993856
2585,204255.248225806
2586,215116.656612903
2587,192659.729003309
2588,138693.482903226
2589,145759.846236559
2590,215253.52827957
2591,217744.456075269
2592,223490.398924731
2593,252374.807519201
2594,173190.775376344
2595,206854.781682618
2596,324213.54900782
2597,205345.276935484
2598,262673.845768049
2599,307489.935591398
2600,161856.710268817
2601,148532.589262673
2602,89572.2136021505
2603,98141.6291397849
2604,94184.9884946237
2605,92274.0156989247
2606,154731.632242704
2607,177535.816658986
2608,193995.517895545
2609,164283.071487455
2610,114450.330430108
2611,148833.990053763
2612,150819.112903226
2613,131943.74078341
2614,130070.749869432
2615,149397.709569893
2616,144518.567541544
2617,183392.108817204
2618,185662.439569893
2619,195049.54890681
2620,183446.328481823
2621,187096.071774193
2622,190316.008978495
2623,241492.312365591
2624,281670.974408602
2625,292959.13453149
2626,171294.697987711
2627,169975.091766513
2628,391970.14452381
2629,443011.232992832
2630,335427.698387097
2631,417468.812096774
2632,383488.561021505
2633,296633.958709678
2634,372680.115591398
2635,161091.911021505
2636,187676.434946236
2637,176302.274032258
2638,244215.501774194
2639,182173.043548387
2640,155642.172165899
2641,116241.17983871
2642,196055.443010753
2643,106544.934477727
2644,140805.663817204
2645,103066.930660522
2646,95302.6098310292
2647,102628.907004608
2648,141108.865483871
2649,143193.79688172
2650,141278.301774194
2651,148253.068655914
2652,399982.927365592
2653,265234.793946236
2654,267150.482849462
2655,375631.688655914
2656,321550.925950845
2657,310581.029731183
2658,280537.243924731
2659,294536.342311828
2660,324303.221651306
2661,343859.395698925
2662,348662.358064516
2663,288834.171628855
2664,275282.165483871
2665,313172.313888889
2666,286358.917168459
2667,173407.238475422
2668,178886.091294163
2669,182886.290913296
2670,271331.748010753
2671,179991.047527177
2672,188084.103461538
2673,206740.505770609
2674,205185.849462366
2675,171318.846827957
2676,188404.761771633
2677,196247.433172043
2678,242914.221651306
2679,278981.179308756
2680,284222.725376344
2681,359544.568843397
2682,312778.084746544
2683,460057.275492142
2684,306718.958617512
2685,318159.690391705
2686,257656.849645161
2687,310626.506742075
2688,223241.441688172
2689,205195.57062212
2690,395386.581129033
2691,198898.008730159
2692,139787.360591398
2693,201000.21109063
2694,138648.616075269
2695,193025.412956989
2696,185564.981606798
2697,196512.106943164
2698,198923.991218638
2699,182805.340107527
2700,168273.450322581
2701,167826.647645929
2702,127724.474731183
2703,134657.607956989
2704,141914.148010753
2705,125649.461770935
2706,123024.06016129
2707,126316.960806452
2708,132007.580767351
2709,111017.58516129
2710,128142.675806452
2711,268338.016782465
2712,353895.620286738
2713,180445.183233487
2714,151211.783595849
2715,173436.476505376
2716,164203.74408228
2717,193826.426827957
2718,233733.106182796
2719,161752.13688172
2720,164760.751827957
2721,142431.077299421
2722,161886.702526882
2723,151051.39811828
2724,133741.526451613
2725,133838.770324836
2726,146287.24155914
2727,174518.019112903
2728,167099.029569892
2729,157272.128548387
2730,142232.847311828
2731,124504.447741935
2732,124595.751774194
2733,161755.732204301
2734,155243.986236559
2735,136603.758870968
2736,150472.618010753
2737,124237.766218638
2738,136808.392849462
2739,162315.070430108
2740,137212.647204301
2741,153251.77983871
2742,160177.698387097
2743,151456.114516129
2744,147024.783333333
2745,138112.828592375
2746,134151.745698925
2747,156180.645215054
2748,132388.510537634
2749,134914.149853372
2750,135318.868233487
2751,130804.998978495
2752,204727.123655914
2753,150789.55172043
2754,217732.965053763
2755,128807.778763441
2756,104672.092204301
2757,96577.1360215054
2758,98469.1387096774
2759,151744.628364055
2760,141234.051827957
2761,150579.441397849
2762,144535.651451613
2763,175648.941290323
2764,168211.981344086
2765,233443.627266336
2766,138397.015967742
2767,92233.864265233
2768,133719.157634409
2769,137794.81516129
2770,143797.078494624
2771,122597.709775171
2772,122311.357047898
2773,160368.618010753
2774,132101.866935484
2775,126704.710215054
2776,138771.460430107
2777,141592.615107527
2778,112483.046344086
2779,136956.698763441
2780,106499.168709677
2781,103731.266827957
2782,102521.178709677
2783,106260.017365591
2784,124790.610752688
2785,139454.937849462
2786,85221.308172043
2787,115647.975591398
2788,93646.7494623656
2789,159993.719892473
2790,101595.898425499
2791,118272.71516129
2792,78816.2610215054
2793,162657.938978495
2794,113041.743763441
2795,118718.379301075
2796,103189.095967742
2797,185445.237526882
2798,114741.992473118
2799,122944.849462366
2800,85817.6301612903
2801,112251.845092166
2802,140108.461989247
2803,153240.302446237
2804,144131.628172043
2805,107034.019892473
2806,101394.466827957
2807,151773.363225806
2808,151821.688172043
2809,135636.378794163
2810,137518.456280547
2811,161439.072365591
2812,148531.570591398
2813,163044.44811828
2814,159766.02905914
2815,112608.984086021
2816,216934.016397849
2817,168181.985591398
2818,135416.144313876
2819,174348.228742357
2820,147884.243064516
2821,120511.003763441
2822,189211.892956989
2823,257364.081935484
2824,177250.141666667
2825,154379.639677419
2826,131280.442258064
2827,136248.653763441
2828,241283.099354839
2829,197026.343548387
2830,230427.930729647
2831,193451.079511832
2832,248779.489869432
2833,279229.544032258
2834,217568.651589862
2835,222564.820050934
2836,199825.618532041
2837,167957.736213518
2838,150091.835268817
2839,185537.750268817
2840,192552.16983871
2841,203691.873954851
2842,224503.398175773
2843,148666.206021505
2844,157081.228010753
2845,124583.921781874
2846,211693.985739285
2847,199296.103454825
2848,201902.904784946
2849,208670.700376344
2850,269124.876075269
2851,225163.160360983
2852,227328.687365591
2853,233081.652473118
2854,140266.219198901
2855,203507.812511521
2856,207925.647613927
2857,188209.609362815
2858,197484.378912754
2859,141432.40655914
2860,129497.529569892
2861,135407.558064516
2862,190953.97639785
2863,125400.526344086
2864,237303.303072197
2865,145826.526036866
2866,135162.31703533
2867,102406.187204301
2868,121893.037419355
2869,122442.018333333
2870,156393.191996928
2871,107635.630107527
2872,76031.5237941628
2873,114709.310107527
2874,132213.505806452
2875,124030.493778802
2876,158574.043817204
2877,139028.815107527
2878,169028.21311828
2879,141889.36860215
2880,113381.885645161
2881,159964.423207885
2882,169494.349677419
2883,181313.163225806
2884,190016.893897849
2885,182549.641129032
2886,209941.742419355
2887,106362.755053763
2888,128498.658978495
2889,73489.9230645161
2890,91800.7917204301
2891,138356.86655914
2892,74690.0596236559
2893,111862.057741935
2894,75965.1688709677
2895,303978.683494624
2896,283938.654032258
2897,190854.722311828
2898,150659.31438172
2899,215341.035591398
2900,158087.293817204
2901,206025.757365591
2902,194940.360376344
2903,326825.118109203
2904,332291.002580645
2905,124841.909086022
2906,199431.861075269
2907,120174.770345622
2908,130374.445376344
2909,151437.324784946
2910,86373.7178571429
2911,90077.7765053763
2912,158075.939569892
2913,90880.1024193549
2914,88812.0373655914
2915,89530.6057526882
2916,90409.7205913979
2917,162906.245322581
2918,120893.115199693
2919,211964.926021505
